{"cameraMode":{"drawMode":0,"name":"Shaded","section":"Shading Mode"},"sceneLighting":false,"audioPlay":false,"sceneViewState":{"m_AlwaysRefresh":false,"showFog":true,"showSkybox":true,"showFlares":true,"showImageEffects":true,"showParticleSystems":true,"showVisualEffectGraphs":true,"m_FxEnabled":true},"in2DMode":false,"pivot":{"x":6.488954067230225,"y":-11.383357048034668,"z":16.238208770751954},"rotation":{"x":-0.4365936815738678,"y":0.05086022615432739,"z":-0.02012213133275509,"w":-0.9005630016326904},"size":11.376933097839356,"orthographic":false}