{"cameraMode":{"drawMode":0,"name":"Shaded","section":"Shading Mode"},"sceneLighting":false,"audioPlay":false,"sceneViewState":{"m_AlwaysRefresh":false,"showFog":true,"showSkybox":true,"showFlares":true,"showImageEffects":true,"showParticleSystems":true,"showVisualEffectGraphs":true,"m_FxEnabled":true},"in2DMode":false,"pivot":{"x":10.680084228515625,"y":4.593263149261475,"z":2.041118621826172},"rotation":{"x":0.18420831859111787,"y":-0.6666790246963501,"z":0.17490796744823457,"w":0.7041149735450745},"size":1.2247449159622193,"orthographic":false}